{"atlas":{"type":"psdf","distanceRange":8,"distanceRangeMiddle":0,"size":48,"width":100,"height":100,"yOrigin":"bottom"},"name":"KronaOne","metrics":{"emSize":1,"lineHeight":1.25,"ascender":0.9912109375,"descender":-0.2587890625,"underlineY":-0.048828125,"underlineThickness":0.0244140625},"glyphs":[{"unicode":73,"advance":0.33349609375,"planeBounds":{"left":8.1380208333320034e-05,"bottom":-0.09375,"right":0.33341471354166663,"top":0.86458333333333337},"atlasBounds":{"left":0.5,"bottom":6.5,"right":16.5,"top":52.5}},{"unicode":80,"advance":0.91455078125,"planeBounds":{"left":0.022867838541666671,"bottom":-0.09375,"right":0.93953450520833326,"top":0.86458333333333337},"atlasBounds":{"left":51.5,"bottom":7.5,"right":95.5,"top":53.5}},{"unicode":83,"advance":1,"planeBounds":{"left":-0.031494140625000076,"bottom":-0.11458333333333333,"right":1.0310058593749998,"top":0.86458333333333326},"atlasBounds":{"left":0.5,"bottom":52.5,"right":51.5,"top":99.5}},{"unicode":85,"advance":0.91455078125,"planeBounds":{"left":-0.011718749999999995,"bottom":-0.09375,"right":0.92578125,"top":0.86458333333333337},"atlasBounds":{"left":51.5,"bottom":53.5,"right":96.5,"top":99.5}}],"kerning":[]}
